[
{
  "model": "admission.eventtypechoices",
  "pk": 1,
  "fields": {
    "type": "Huntsville Bal Night"
  }
},
{
  "model": "admission.eventtypechoices",
  "pk": 2,
  "fields": {
    "type": "Huntsville Blues Night"
  }
},
{
  "model": "admission.eventtypechoices",
  "pk": 3,
  "fields": {
    "type": "Monthly Dance"
  }
},
{
  "model": "admission.organization",
  "pk": 1,
  "fields": {
    "name": "Huntsville Swing Dance Society",
    "event_types": 1
  }
},
{
  "model": "admission.event",
  "pk": 1,
  "fields": {
    "organization": 1,
    "name": "Huntsville Bal Night",
    "type": 1,
    "date": "2016-07-20",
    "time": "20:00:00",
    "cash": "286.00",
    "admin_fee": "0.00"
  }
},
{
  "model": "admission.event",
  "pk": 5,
  "fields": {
    "organization": 1,
    "name": "Megan and Her Goody Goodies",
    "type": 3,
    "date": "2016-09-17",
    "time": "19:00:00",
    "cash": "460.00",
    "admin_fee": "0.00"
  }
},
{
  "model": "admission.event",
  "pk": 6,
  "fields": {
    "organization": 1,
    "name": "Huntsville Blues Night September",
    "type": 2,
    "date": "2016-09-09",
    "time": "20:00:00",
    "cash": "350.00",
    "admin_fee": "0.00"
  }
},
{
  "model": "admission.event",
  "pk": 7,
  "fields": {
    "organization": 1,
    "name": "Huntsville Bal Night October",
    "type": 2,
    "date": "2016-10-07",
    "time": "20:00:00",
    "cash": null,
    "admin_fee": "0.00"
  }
},
{
  "model": "admission.event",
  "pk": 10,
  "fields": {
    "organization": 1,
    "name": "Huntsville Blues Night November",
    "type": 2,
    "date": "2016-11-04",
    "time": "20:00:00",
    "cash": null,
    "admin_fee": "0.00"
  }
},
{
  "model": "admission.event",
  "pk": 11,
  "fields": {
    "organization": 1,
    "name": "Moondust Big Band",
    "type": 3,
    "date": "2016-11-19",
    "time": "20:00:00",
    "cash": null,
    "admin_fee": "0.00"
  }
},
{
  "model": "admission.event",
  "pk": 12,
  "fields": {
    "organization": 1,
    "name": "Huntsville Bal Night",
    "type": 1,
    "date": "2016-12-02",
    "time": "20:00:00",
    "cash": null,
    "admin_fee": "0.00"
  }
},
{
  "model": "admission.event",
  "pk": 13,
  "fields": {
    "organization": 1,
    "name": "Huntsville Regional Meetup",
    "type": 3,
    "date": "2016-12-10",
    "time": "19:00:00",
    "cash": null,
    "admin_fee": "0.00"
  }
},
{
  "model": "admission.event",
  "pk": 15,
  "fields": {
    "organization": 1,
    "name": "Old City Buskers",
    "type": 3,
    "date": "2016-10-15",
    "time": "19:00:00",
    "cash": "50.00",
    "admin_fee": "0.00"
  }
},
{
  "model": "admission.admissiontype",
  "pk": 1,
  "fields": {
    "event": 1,
    "type": "General",
    "price": "5.00"
  }
},
{
  "model": "admission.admissiontype",
  "pk": 6,
  "fields": {
    "event": 5,
    "type": "General",
    "price": "10.00"
  }
},
{
  "model": "admission.admissiontype",
  "pk": 7,
  "fields": {
    "event": 5,
    "type": "Student",
    "price": "7.00"
  }
},
{
  "model": "admission.admissiontype",
  "pk": 8,
  "fields": {
    "event": 5,
    "type": "Military",
    "price": "7.00"
  }
},
{
  "model": "admission.admissiontype",
  "pk": 9,
  "fields": {
    "event": 6,
    "type": "General",
    "price": "10.00"
  }
},
{
  "model": "admission.admissiontype",
  "pk": 10,
  "fields": {
    "event": 7,
    "type": "General",
    "price": "10.00"
  }
},
{
  "model": "admission.admissiontype",
  "pk": 17,
  "fields": {
    "event": 15,
    "type": "General",
    "price": "10.00"
  }
},
{
  "model": "admission.admissiontype",
  "pk": 18,
  "fields": {
    "event": 15,
    "type": "Student",
    "price": "7.00"
  }
},
{
  "model": "admission.admissiontype",
  "pk": 19,
  "fields": {
    "event": 15,
    "type": "Military",
    "price": "7.00"
  }
},
{
  "model": "admission.tickets",
  "pk": 16,
  "fields": {
    "type": 1,
    "event": 1
  }
},
{
  "model": "admission.tickets",
  "pk": 17,
  "fields": {
    "type": 1,
    "event": 1
  }
},
{
  "model": "admission.tickets",
  "pk": 18,
  "fields": {
    "type": 1,
    "event": 1
  }
},
{
  "model": "admission.tickets",
  "pk": 19,
  "fields": {
    "type": 1,
    "event": 1
  }
},
{
  "model": "admission.tickets",
  "pk": 20,
  "fields": {
    "type": 1,
    "event": 1
  }
},
{
  "model": "admission.tickets",
  "pk": 21,
  "fields": {
    "type": 1,
    "event": 1
  }
},
{
  "model": "admission.tickets",
  "pk": 22,
  "fields": {
    "type": 1,
    "event": 1
  }
},
{
  "model": "admission.tickets",
  "pk": 23,
  "fields": {
    "type": 1,
    "event": 1
  }
},
{
  "model": "admission.tickets",
  "pk": 24,
  "fields": {
    "type": 1,
    "event": 1
  }
},
{
  "model": "admission.tickets",
  "pk": 25,
  "fields": {
    "type": 1,
    "event": 1
  }
},
{
  "model": "admission.tickets",
  "pk": 26,
  "fields": {
    "type": 1,
    "event": 1
  }
},
{
  "model": "admission.tickets",
  "pk": 27,
  "fields": {
    "type": 1,
    "event": 1
  }
},
{
  "model": "admission.tickets",
  "pk": 28,
  "fields": {
    "type": 1,
    "event": 1
  }
},
{
  "model": "admission.tickets",
  "pk": 29,
  "fields": {
    "type": 1,
    "event": 1
  }
},
{
  "model": "admission.tickets",
  "pk": 30,
  "fields": {
    "type": 1,
    "event": 1
  }
},
{
  "model": "admission.tickets",
  "pk": 31,
  "fields": {
    "type": 1,
    "event": 1
  }
},
{
  "model": "admission.tickets",
  "pk": 32,
  "fields": {
    "type": 1,
    "event": 1
  }
},
{
  "model": "admission.tickets",
  "pk": 33,
  "fields": {
    "type": 1,
    "event": 1
  }
},
{
  "model": "admission.tickets",
  "pk": 34,
  "fields": {
    "type": 1,
    "event": 1
  }
},
{
  "model": "admission.tickets",
  "pk": 35,
  "fields": {
    "type": 1,
    "event": 1
  }
},
{
  "model": "admission.tickets",
  "pk": 36,
  "fields": {
    "type": 1,
    "event": 1
  }
},
{
  "model": "admission.tickets",
  "pk": 37,
  "fields": {
    "type": 1,
    "event": 1
  }
},
{
  "model": "admission.tickets",
  "pk": 38,
  "fields": {
    "type": 1,
    "event": 1
  }
},
{
  "model": "admission.tickets",
  "pk": 137,
  "fields": {
    "type": 9,
    "event": 6
  }
},
{
  "model": "admission.tickets",
  "pk": 138,
  "fields": {
    "type": 9,
    "event": 6
  }
},
{
  "model": "admission.tickets",
  "pk": 139,
  "fields": {
    "type": 9,
    "event": 6
  }
},
{
  "model": "admission.tickets",
  "pk": 140,
  "fields": {
    "type": 9,
    "event": 6
  }
},
{
  "model": "admission.tickets",
  "pk": 141,
  "fields": {
    "type": 9,
    "event": 6
  }
},
{
  "model": "admission.tickets",
  "pk": 142,
  "fields": {
    "type": 9,
    "event": 6
  }
},
{
  "model": "admission.tickets",
  "pk": 143,
  "fields": {
    "type": 9,
    "event": 6
  }
},
{
  "model": "admission.tickets",
  "pk": 144,
  "fields": {
    "type": 9,
    "event": 6
  }
},
{
  "model": "admission.tickets",
  "pk": 145,
  "fields": {
    "type": 9,
    "event": 6
  }
},
{
  "model": "admission.tickets",
  "pk": 146,
  "fields": {
    "type": 9,
    "event": 6
  }
},
{
  "model": "admission.tickets",
  "pk": 147,
  "fields": {
    "type": 9,
    "event": 6
  }
},
{
  "model": "admission.tickets",
  "pk": 148,
  "fields": {
    "type": 9,
    "event": 6
  }
},
{
  "model": "admission.tickets",
  "pk": 149,
  "fields": {
    "type": 9,
    "event": 6
  }
},
{
  "model": "admission.tickets",
  "pk": 150,
  "fields": {
    "type": 9,
    "event": 6
  }
},
{
  "model": "admission.tickets",
  "pk": 151,
  "fields": {
    "type": 9,
    "event": 6
  }
},
{
  "model": "admission.tickets",
  "pk": 152,
  "fields": {
    "type": 9,
    "event": 6
  }
},
{
  "model": "admission.tickets",
  "pk": 153,
  "fields": {
    "type": 9,
    "event": 6
  }
},
{
  "model": "admission.tickets",
  "pk": 154,
  "fields": {
    "type": 9,
    "event": 6
  }
},
{
  "model": "admission.tickets",
  "pk": 155,
  "fields": {
    "type": 9,
    "event": 6
  }
},
{
  "model": "admission.tickets",
  "pk": 156,
  "fields": {
    "type": 9,
    "event": 6
  }
},
{
  "model": "admission.tickets",
  "pk": 157,
  "fields": {
    "type": 9,
    "event": 6
  }
},
{
  "model": "admission.tickets",
  "pk": 158,
  "fields": {
    "type": 9,
    "event": 6
  }
},
{
  "model": "admission.tickets",
  "pk": 159,
  "fields": {
    "type": 9,
    "event": 6
  }
},
{
  "model": "admission.tickets",
  "pk": 160,
  "fields": {
    "type": 9,
    "event": 6
  }
},
{
  "model": "admission.tickets",
  "pk": 161,
  "fields": {
    "type": 9,
    "event": 6
  }
},
{
  "model": "admission.tickets",
  "pk": 162,
  "fields": {
    "type": 9,
    "event": 6
  }
},
{
  "model": "admission.tickets",
  "pk": 163,
  "fields": {
    "type": 9,
    "event": 6
  }
},
{
  "model": "admission.tickets",
  "pk": 164,
  "fields": {
    "type": 9,
    "event": 6
  }
},
{
  "model": "admission.tickets",
  "pk": 165,
  "fields": {
    "type": 9,
    "event": 6
  }
},
{
  "model": "admission.tickets",
  "pk": 166,
  "fields": {
    "type": 9,
    "event": 6
  }
},
{
  "model": "admission.tickets",
  "pk": 167,
  "fields": {
    "type": 9,
    "event": 6
  }
},
{
  "model": "admission.tickets",
  "pk": 168,
  "fields": {
    "type": 9,
    "event": 6
  }
},
{
  "model": "admission.tickets",
  "pk": 169,
  "fields": {
    "type": 9,
    "event": 6
  }
},
{
  "model": "admission.tickets",
  "pk": 170,
  "fields": {
    "type": 9,
    "event": 6
  }
},
{
  "model": "admission.tickets",
  "pk": 171,
  "fields": {
    "type": 9,
    "event": 6
  }
},
{
  "model": "admission.tickets",
  "pk": 172,
  "fields": {
    "type": 9,
    "event": 6
  }
},
{
  "model": "admission.tickets",
  "pk": 173,
  "fields": {
    "type": 9,
    "event": 6
  }
},
{
  "model": "admission.tickets",
  "pk": 174,
  "fields": {
    "type": 9,
    "event": 6
  }
},
{
  "model": "admission.tickets",
  "pk": 175,
  "fields": {
    "type": 9,
    "event": 6
  }
},
{
  "model": "admission.tickets",
  "pk": 176,
  "fields": {
    "type": 9,
    "event": 6
  }
},
{
  "model": "admission.tickets",
  "pk": 177,
  "fields": {
    "type": 9,
    "event": 6
  }
},
{
  "model": "admission.tickets",
  "pk": 178,
  "fields": {
    "type": 9,
    "event": 6
  }
},
{
  "model": "admission.tickets",
  "pk": 179,
  "fields": {
    "type": 9,
    "event": 6
  }
},
{
  "model": "admission.tickets",
  "pk": 180,
  "fields": {
    "type": 9,
    "event": 6
  }
},
{
  "model": "admission.tickets",
  "pk": 181,
  "fields": {
    "type": 9,
    "event": 6
  }
},
{
  "model": "admission.tickets",
  "pk": 182,
  "fields": {
    "type": 9,
    "event": 6
  }
},
{
  "model": "admission.tickets",
  "pk": 280,
  "fields": {
    "type": 7,
    "event": 5
  }
},
{
  "model": "admission.tickets",
  "pk": 281,
  "fields": {
    "type": 7,
    "event": 5
  }
},
{
  "model": "admission.tickets",
  "pk": 283,
  "fields": {
    "type": 6,
    "event": 5
  }
},
{
  "model": "admission.tickets",
  "pk": 284,
  "fields": {
    "type": 7,
    "event": 5
  }
},
{
  "model": "admission.tickets",
  "pk": 285,
  "fields": {
    "type": 7,
    "event": 5
  }
},
{
  "model": "admission.tickets",
  "pk": 286,
  "fields": {
    "type": 7,
    "event": 5
  }
},
{
  "model": "admission.tickets",
  "pk": 287,
  "fields": {
    "type": 7,
    "event": 5
  }
},
{
  "model": "admission.tickets",
  "pk": 288,
  "fields": {
    "type": 6,
    "event": 5
  }
},
{
  "model": "admission.tickets",
  "pk": 289,
  "fields": {
    "type": 7,
    "event": 5
  }
},
{
  "model": "admission.tickets",
  "pk": 290,
  "fields": {
    "type": 7,
    "event": 5
  }
},
{
  "model": "admission.tickets",
  "pk": 291,
  "fields": {
    "type": 7,
    "event": 5
  }
},
{
  "model": "admission.tickets",
  "pk": 292,
  "fields": {
    "type": 7,
    "event": 5
  }
},
{
  "model": "admission.tickets",
  "pk": 293,
  "fields": {
    "type": 7,
    "event": 5
  }
},
{
  "model": "admission.tickets",
  "pk": 294,
  "fields": {
    "type": 7,
    "event": 5
  }
},
{
  "model": "admission.tickets",
  "pk": 295,
  "fields": {
    "type": 7,
    "event": 5
  }
},
{
  "model": "admission.tickets",
  "pk": 296,
  "fields": {
    "type": 7,
    "event": 5
  }
},
{
  "model": "admission.tickets",
  "pk": 297,
  "fields": {
    "type": 7,
    "event": 5
  }
},
{
  "model": "admission.tickets",
  "pk": 298,
  "fields": {
    "type": 7,
    "event": 5
  }
},
{
  "model": "admission.tickets",
  "pk": 299,
  "fields": {
    "type": 7,
    "event": 5
  }
},
{
  "model": "admission.tickets",
  "pk": 300,
  "fields": {
    "type": 7,
    "event": 5
  }
},
{
  "model": "admission.tickets",
  "pk": 301,
  "fields": {
    "type": 7,
    "event": 5
  }
},
{
  "model": "admission.tickets",
  "pk": 302,
  "fields": {
    "type": 7,
    "event": 5
  }
},
{
  "model": "admission.tickets",
  "pk": 303,
  "fields": {
    "type": 7,
    "event": 5
  }
},
{
  "model": "admission.tickets",
  "pk": 304,
  "fields": {
    "type": 7,
    "event": 5
  }
},
{
  "model": "admission.tickets",
  "pk": 305,
  "fields": {
    "type": 7,
    "event": 5
  }
},
{
  "model": "admission.tickets",
  "pk": 306,
  "fields": {
    "type": 7,
    "event": 5
  }
},
{
  "model": "admission.tickets",
  "pk": 307,
  "fields": {
    "type": 7,
    "event": 5
  }
},
{
  "model": "admission.tickets",
  "pk": 308,
  "fields": {
    "type": 7,
    "event": 5
  }
},
{
  "model": "admission.tickets",
  "pk": 309,
  "fields": {
    "type": 7,
    "event": 5
  }
},
{
  "model": "admission.tickets",
  "pk": 310,
  "fields": {
    "type": 8,
    "event": 5
  }
},
{
  "model": "admission.tickets",
  "pk": 311,
  "fields": {
    "type": 7,
    "event": 5
  }
},
{
  "model": "admission.tickets",
  "pk": 312,
  "fields": {
    "type": 7,
    "event": 5
  }
},
{
  "model": "admission.tickets",
  "pk": 313,
  "fields": {
    "type": 6,
    "event": 5
  }
},
{
  "model": "admission.tickets",
  "pk": 314,
  "fields": {
    "type": 7,
    "event": 5
  }
},
{
  "model": "admission.tickets",
  "pk": 315,
  "fields": {
    "type": 7,
    "event": 5
  }
},
{
  "model": "admission.tickets",
  "pk": 316,
  "fields": {
    "type": 7,
    "event": 5
  }
},
{
  "model": "admission.tickets",
  "pk": 317,
  "fields": {
    "type": 7,
    "event": 5
  }
},
{
  "model": "admission.tickets",
  "pk": 318,
  "fields": {
    "type": 6,
    "event": 5
  }
},
{
  "model": "admission.tickets",
  "pk": 319,
  "fields": {
    "type": 8,
    "event": 5
  }
},
{
  "model": "admission.tickets",
  "pk": 320,
  "fields": {
    "type": 7,
    "event": 5
  }
},
{
  "model": "admission.tickets",
  "pk": 321,
  "fields": {
    "type": 6,
    "event": 5
  }
},
{
  "model": "admission.tickets",
  "pk": 322,
  "fields": {
    "type": 6,
    "event": 5
  }
},
{
  "model": "admission.tickets",
  "pk": 323,
  "fields": {
    "type": 6,
    "event": 5
  }
},
{
  "model": "admission.tickets",
  "pk": 324,
  "fields": {
    "type": 7,
    "event": 5
  }
},
{
  "model": "admission.tickets",
  "pk": 325,
  "fields": {
    "type": 7,
    "event": 5
  }
},
{
  "model": "admission.tickets",
  "pk": 326,
  "fields": {
    "type": 7,
    "event": 5
  }
},
{
  "model": "admission.tickets",
  "pk": 327,
  "fields": {
    "type": 7,
    "event": 5
  }
},
{
  "model": "admission.tickets",
  "pk": 328,
  "fields": {
    "type": 7,
    "event": 5
  }
},
{
  "model": "admission.tickets",
  "pk": 329,
  "fields": {
    "type": 7,
    "event": 5
  }
},
{
  "model": "admission.tickets",
  "pk": 330,
  "fields": {
    "type": 7,
    "event": 5
  }
},
{
  "model": "admission.tickets",
  "pk": 331,
  "fields": {
    "type": 6,
    "event": 5
  }
},
{
  "model": "admission.tickets",
  "pk": 332,
  "fields": {
    "type": 7,
    "event": 5
  }
},
{
  "model": "admission.tickets",
  "pk": 333,
  "fields": {
    "type": 7,
    "event": 5
  }
},
{
  "model": "admission.tickets",
  "pk": 334,
  "fields": {
    "type": 7,
    "event": 5
  }
},
{
  "model": "admission.tickets",
  "pk": 335,
  "fields": {
    "type": 7,
    "event": 5
  }
},
{
  "model": "admission.tickets",
  "pk": 336,
  "fields": {
    "type": 7,
    "event": 5
  }
},
{
  "model": "admission.tickets",
  "pk": 337,
  "fields": {
    "type": 7,
    "event": 5
  }
},
{
  "model": "admission.tickets",
  "pk": 338,
  "fields": {
    "type": 7,
    "event": 5
  }
},
{
  "model": "admission.tickets",
  "pk": 339,
  "fields": {
    "type": 7,
    "event": 5
  }
},
{
  "model": "admission.tickets",
  "pk": 340,
  "fields": {
    "type": 6,
    "event": 5
  }
},
{
  "model": "admission.tickets",
  "pk": 341,
  "fields": {
    "type": 6,
    "event": 5
  }
},
{
  "model": "admission.tickets",
  "pk": 342,
  "fields": {
    "type": 7,
    "event": 5
  }
},
{
  "model": "admission.tickets",
  "pk": 343,
  "fields": {
    "type": 6,
    "event": 5
  }
},
{
  "model": "admission.tickets",
  "pk": 344,
  "fields": {
    "type": 7,
    "event": 5
  }
},
{
  "model": "admission.tickets",
  "pk": 345,
  "fields": {
    "type": 7,
    "event": 5
  }
},
{
  "model": "admission.tickets",
  "pk": 346,
  "fields": {
    "type": 7,
    "event": 5
  }
},
{
  "model": "admission.tickets",
  "pk": 347,
  "fields": {
    "type": 7,
    "event": 5
  }
},
{
  "model": "admission.tickets",
  "pk": 348,
  "fields": {
    "type": 6,
    "event": 5
  }
},
{
  "model": "admission.tickets",
  "pk": 349,
  "fields": {
    "type": 6,
    "event": 5
  }
},
{
  "model": "admission.tickets",
  "pk": 350,
  "fields": {
    "type": 6,
    "event": 5
  }
},
{
  "model": "admission.tickets",
  "pk": 351,
  "fields": {
    "type": 7,
    "event": 5
  }
},
{
  "model": "admission.tickets",
  "pk": 352,
  "fields": {
    "type": 6,
    "event": 5
  }
},
{
  "model": "admission.tickets",
  "pk": 353,
  "fields": {
    "type": 6,
    "event": 5
  }
},
{
  "model": "admission.tickets",
  "pk": 354,
  "fields": {
    "type": 6,
    "event": 5
  }
},
{
  "model": "admission.tickets",
  "pk": 355,
  "fields": {
    "type": 7,
    "event": 5
  }
},
{
  "model": "admission.tickets",
  "pk": 356,
  "fields": {
    "type": 7,
    "event": 5
  }
},
{
  "model": "admission.tickets",
  "pk": 357,
  "fields": {
    "type": 7,
    "event": 5
  }
},
{
  "model": "admission.tickets",
  "pk": 358,
  "fields": {
    "type": 6,
    "event": 5
  }
},
{
  "model": "admission.tickets",
  "pk": 359,
  "fields": {
    "type": 6,
    "event": 5
  }
},
{
  "model": "admission.tickets",
  "pk": 360,
  "fields": {
    "type": 6,
    "event": 5
  }
},
{
  "model": "admission.tickets",
  "pk": 361,
  "fields": {
    "type": 7,
    "event": 5
  }
},
{
  "model": "admission.tickets",
  "pk": 362,
  "fields": {
    "type": 6,
    "event": 5
  }
},
{
  "model": "admission.tickets",
  "pk": 363,
  "fields": {
    "type": 7,
    "event": 5
  }
},
{
  "model": "admission.tickets",
  "pk": 364,
  "fields": {
    "type": 6,
    "event": 5
  }
},
{
  "model": "admission.tickets",
  "pk": 365,
  "fields": {
    "type": 7,
    "event": 5
  }
},
{
  "model": "admission.tickets",
  "pk": 366,
  "fields": {
    "type": 6,
    "event": 5
  }
},
{
  "model": "admission.tickets",
  "pk": 367,
  "fields": {
    "type": 6,
    "event": 5
  }
},
{
  "model": "admission.tickets",
  "pk": 368,
  "fields": {
    "type": 6,
    "event": 5
  }
},
{
  "model": "admission.tickets",
  "pk": 369,
  "fields": {
    "type": 7,
    "event": 5
  }
},
{
  "model": "admission.tickets",
  "pk": 370,
  "fields": {
    "type": 6,
    "event": 5
  }
},
{
  "model": "admission.tickets",
  "pk": 371,
  "fields": {
    "type": 6,
    "event": 5
  }
},
{
  "model": "admission.tickets",
  "pk": 372,
  "fields": {
    "type": 6,
    "event": 5
  }
},
{
  "model": "admission.tickets",
  "pk": 373,
  "fields": {
    "type": 6,
    "event": 5
  }
},
{
  "model": "admission.tickets",
  "pk": 374,
  "fields": {
    "type": 7,
    "event": 5
  }
},
{
  "model": "admission.tickets",
  "pk": 375,
  "fields": {
    "type": 6,
    "event": 5
  }
},
{
  "model": "admission.tickets",
  "pk": 376,
  "fields": {
    "type": 6,
    "event": 5
  }
},
{
  "model": "admission.tickets",
  "pk": 377,
  "fields": {
    "type": 6,
    "event": 5
  }
},
{
  "model": "admission.tickets",
  "pk": 378,
  "fields": {
    "type": 6,
    "event": 5
  }
},
{
  "model": "admission.tickets",
  "pk": 379,
  "fields": {
    "type": 6,
    "event": 5
  }
},
{
  "model": "admission.tickets",
  "pk": 380,
  "fields": {
    "type": 6,
    "event": 5
  }
},
{
  "model": "admission.tickets",
  "pk": 381,
  "fields": {
    "type": 6,
    "event": 5
  }
},
{
  "model": "admission.tickets",
  "pk": 382,
  "fields": {
    "type": 6,
    "event": 5
  }
},
{
  "model": "admission.tickets",
  "pk": 383,
  "fields": {
    "type": 6,
    "event": 5
  }
},
{
  "model": "admission.tickets",
  "pk": 384,
  "fields": {
    "type": 6,
    "event": 5
  }
},
{
  "model": "admission.tickets",
  "pk": 385,
  "fields": {
    "type": 6,
    "event": 5
  }
},
{
  "model": "admission.tickets",
  "pk": 386,
  "fields": {
    "type": 6,
    "event": 5
  }
},
{
  "model": "admission.tickets",
  "pk": 387,
  "fields": {
    "type": 6,
    "event": 5
  }
},
{
  "model": "admission.tickets",
  "pk": 388,
  "fields": {
    "type": 6,
    "event": 5
  }
},
{
  "model": "admission.tickets",
  "pk": 389,
  "fields": {
    "type": 7,
    "event": 5
  }
},
{
  "model": "admission.tickets",
  "pk": 390,
  "fields": {
    "type": 7,
    "event": 5
  }
},
{
  "model": "admission.tickets",
  "pk": 391,
  "fields": {
    "type": 7,
    "event": 5
  }
},
{
  "model": "admission.tickets",
  "pk": 392,
  "fields": {
    "type": 6,
    "event": 5
  }
},
{
  "model": "admission.tickets",
  "pk": 393,
  "fields": {
    "type": 6,
    "event": 5
  }
},
{
  "model": "admission.tickets",
  "pk": 394,
  "fields": {
    "type": 6,
    "event": 5
  }
},
{
  "model": "admission.tickets",
  "pk": 395,
  "fields": {
    "type": 7,
    "event": 5
  }
},
{
  "model": "admission.tickets",
  "pk": 396,
  "fields": {
    "type": 6,
    "event": 5
  }
},
{
  "model": "admission.expenses",
  "pk": 1,
  "fields": {
    "name": 1,
    "type": "Venue",
    "category": "Administrative",
    "notes": "Madison Ballroom",
    "cost": "75.00",
    "percent": null,
    "paid": true
  }
},
{
  "model": "admission.expenses",
  "pk": 2,
  "fields": {
    "name": 1,
    "type": "DJ",
    "category": "Administrative",
    "notes": "Robert",
    "cost": "10.00",
    "percent": null,
    "paid": true
  }
},
{
  "model": "admission.expenses",
  "pk": 3,
  "fields": {
    "name": 1,
    "type": "DJ",
    "category": "Administrative",
    "notes": "Andrew",
    "cost": "20.00",
    "percent": null,
    "paid": true
  }
},
{
  "model": "admission.expenses",
  "pk": 7,
  "fields": {
    "name": 5,
    "type": "Venue",
    "category": "Main",
    "notes": "The Flying Monkey",
    "cost": "276.90",
    "percent": 30,
    "paid": true
  }
},
{
  "model": "admission.expenses",
  "pk": 8,
  "fields": {
    "name": 5,
    "type": "Band",
    "category": "Main",
    "notes": "Megan and the Goody Goodies",
    "cost": "646.10",
    "percent": 70,
    "paid": true
  }
},
{
  "model": "admission.expenses",
  "pk": 9,
  "fields": {
    "name": 6,
    "type": "Band",
    "category": "Administrative",
    "notes": "Eli Cook",
    "cost": "250.00",
    "percent": null,
    "paid": true
  }
},
{
  "model": "admission.expenses",
  "pk": 10,
  "fields": {
    "name": 6,
    "type": "Venue",
    "category": "Administrative",
    "notes": "Madison Ballroom",
    "cost": "100.00",
    "percent": null,
    "paid": true
  }
},
{
  "model": "admission.expenses",
  "pk": 11,
  "fields": {
    "name": 7,
    "type": "DJ",
    "category": "Administrative",
    "notes": "Cody",
    "cost": "10.00",
    "percent": null,
    "paid": false
  }
},
{
  "model": "admission.expenses",
  "pk": 12,
  "fields": {
    "name": 7,
    "type": "Venue",
    "category": "Administrative",
    "notes": "Madison Ballroom",
    "cost": "75.00",
    "percent": null,
    "paid": false
  }
},
{
  "model": "admission.expenses",
  "pk": 13,
  "fields": {
    "name": 5,
    "type": "DJ",
    "category": "Administrative",
    "notes": "Adam",
    "cost": "10.00",
    "percent": null,
    "paid": true
  }
},
{
  "model": "admission.expenses",
  "pk": 19,
  "fields": {
    "name": 5,
    "type": "Teacher",
    "category": "Administrative",
    "notes": "Amanda",
    "cost": "10.00",
    "percent": null,
    "paid": true
  }
},
{
  "model": "admission.expenses",
  "pk": 20,
  "fields": {
    "name": 5,
    "type": "Teacher",
    "category": "Administrative",
    "notes": "Cody",
    "cost": "10.00",
    "percent": null,
    "paid": true
  }
},
{
  "model": "admission.expenses",
  "pk": 26,
  "fields": {
    "name": 15,
    "type": "Band",
    "category": "Main",
    "notes": "Old City Buskers",
    "cost": "-21.00",
    "percent": 70,
    "paid": false
  }
},
{
  "model": "admission.expenses",
  "pk": 27,
  "fields": {
    "name": 15,
    "type": "Venue",
    "category": "Main",
    "notes": "The Flying Monkey",
    "cost": "-9.00",
    "percent": 30,
    "paid": false
  }
},
{
  "model": "admission.expenses",
  "pk": 28,
  "fields": {
    "name": 15,
    "type": "DJ",
    "category": "Administrative",
    "notes": "TBD",
    "cost": "10.00",
    "percent": null,
    "paid": false
  }
},
{
  "model": "admission.expenses",
  "pk": 29,
  "fields": {
    "name": 15,
    "type": "Teacher",
    "category": "Administrative",
    "notes": "TBD",
    "cost": "10.00",
    "percent": null,
    "paid": false
  }
},
{
  "model": "admission.expenses",
  "pk": 30,
  "fields": {
    "name": 15,
    "type": "Teacher",
    "category": "Administrative",
    "notes": "TBD",
    "cost": "10.00",
    "percent": null,
    "paid": false
  }
}
]
